epoch, minibatch, validation error, test error,
1,64/64,81.81818181818183,80.0,
2,64/64,81.81818181818183,0,
3,64/64,81.81818181818183,0,
4,64/64,81.81818181818183,0,
